Sample_ID,Pop,DYS19,DYS385a,DYS385b,DYS388,DYS389i,DYS389ii,DYS390,DYS391,DYS392,DYS393,DYS426,DYS438,DYS389b,HG
FA_1,Faroes,15,11,14,12,13,31,25,11,11,13,12,11,18,R1a
FA_2,Faroes,15,11,14,12,13,31,25,11,11,13,12,11,18,R1a
FA_3,Faroes,15,11,14,12,13,31,25,11,11,13,12,11,18,R1a
FA_4,Faroes,15,11,14,12,13,31,25,11,11,13,12,11,18,R1a
FA_5,Faroes,15,11,14,12,13,31,25,11,11,13,12,11,18,R1a
FA_6,Faroes,15,11,14,12,13,31,25,11,11,13,12,11,18,R1a
FA_7,Faroes,15,11,14,12,13,31,25,11,11,13,12,11,18,R1a
FA_8,Faroes,15,11,14,12,13,31,25,11,11,13,12,11,18,R1a
FA_9,Faroes,15,11,14,12,13,31,25,11,11,13,12,11,18,R1a
FA_10,Faroes,15,11,14,12,13,31,25,11,11,13,12,11,18,R1a
FA_11,Faroes,15,11,14,12,13,31,25,11,11,13,12,11,18,R1a
FA_12,Faroes,15,11,14,12,13,31,25,11,11,13,12,11,18,R1a
FA_13,Faroes,15,11,14,12,13,31,25,11,11,13,12,11,18,R1a
FA_14,Faroes,15,11,14,12,13,31,25,11,11,13,12,11,18,R1a
FA_15,Faroes,15,11,14,12,13,30,25,11,11,13,12,11,17,R1a
FA_16,Faroes,15,11,14,12,13,30,25,11,11,13,12,11,17,R1a
FA_17,Faroes,15,11,14,12,13,30,25,11,11,13,12,11,17,R1a
FA_18,Faroes,15,11,14,12,13,30,25,11,11,13,12,11,17,R1a
FA_19,Faroes,15,11,14,12,13,30,25,11,11,13,12,11,17,R1a
FA_20,Faroes,15,11,14,12,13,30,25,11,11,13,12,11,17,R1a
FA_21,Faroes,15,11,14,12,13,30,25,11,11,13,12,11,17,R1a
FA_22,Faroes,15,11,14,12,13,30,25,11,11,13,12,11,17,R1a
FA_23,Faroes,15,11,14,12,13,30,25,11,11,13,12,11,17,R1a
FA_24,Faroes,15,11,14,12,13,30,25,11,11,13,12,11,17,R1a
FA_25,Faroes,15,11,14,12,13,31,24,11,11,13,12,11,18,R1a
FA_26,Faroes,15,11,14,12,13,31,24,11,11,13,12,11,18,R1a
FA_27,Faroes,15,11,14,12,13,31,24,11,11,13,12,11,18,R1a
FA_28,Faroes,15,11,14,12,13,31,24,11,11,13,12,11,18,R1a
FA_29,Faroes,15,11,14,12,13,31,24,11,11,13,12,11,18,R1a
FA_30,Faroes,15,11,14,12,13,31,24,11,11,13,12,11,18,R1a
FA_31,Faroes,15,11,14,12,13,31,24,11,11,13,12,11,18,R1a
FA_32,Faroes,15,11,14,12,13,31,25,10,11,13,12,11,18,R1a
FA_33,Faroes,15,11,14,12,13,31,25,10,11,13,12,11,18,R1a
FA_34,Faroes,15,11,14,12,13,31,25,10,11,13,12,11,18,R1a
FA_35,Faroes,15,11,14,12,13,31,25,10,11,13,12,11,18,R1a
FA_36,Faroes,15,11,14,12,14,31,25,11,11,13,12,11,17,R1a
FA_37,Faroes,15,11,14,12,14,31,25,11,11,13,12,11,17,R1a
FA_38,Faroes,15,11,14,12,14,31,25,11,11,13,12,11,17,R1a
FA_39,Faroes,15,11,14,12,14,31,25,11,11,13,12,11,17,R1a
FA_40,Faroes,15,11,14,12,13,30,24,11,11,13,12,11,17,R1a
FA_41,Faroes,15,11,14,12,13,30,24,11,11,13,12,11,17,R1a
FA_42,Faroes,15,11,14,12,13,30,24,11,11,13,12,11,17,R1a
FA_43,Faroes,15,11,15,12,13,30,25,11,11,13,12,11,17,R1a
FA_44,Faroes,15,11,15,12,13,30,25,11,11,13,12,11,17,R1a
FA_45,Faroes,15,10,14,12,13,30,26,10,11,13,12,11,17,R1a
FA_46,Faroes,15,10,14,12,13,30,26,10,11,13,12,11,17,R1a
FA_47,Faroes,15,11,14,12,13,30,25,10,11,13,12,11,17,R1a
FA_48,Faroes,15,11,14,12,13,30,25,10,11,13,12,11,17,R1a
FA_49,Faroes,15,11,14,12,13,32,25,11,11,13,12,11,19,R1a
FA_50,Faroes,15,11,14,12,14,32,24,11,11,13,12,11,18,R1a
FA_51,Faroes,16,11,14,12,13,29,25,11,11,13,11,11,16,R1a
FA_52,Faroes,16,11,14,12,13,30,25,11,11,13,12,11,17,R1a
FA_53,Faroes,15,10,13,12,13,29,26,10,11,13,12,11,16,R1a
FA_54,Faroes,15,10,14,12,12,29,26,10,11,13,12,11,17,R1a
FA_55,Faroes,17,11,14,12,13,30,25,11,11,13,12,11,17,R1a
FA_56,Faroes,15,11,14,12,13,31,25,11,12,13,12,11,18,R1a
FA_57,Faroes,15,11,14,12,13,30,25,11,11,14,12,11,17,R1a
FA_58,Faroes,15,10,13,12,13,30,26,10,11,13,12,11,17,R1a
FA_59,Faroes,14,11,13,12,13,29,24,11,13,13,12,12,16,R1b
FA_60,Faroes,14,11,13,12,13,29,24,11,13,13,12,12,16,R1b
FA_61,Faroes,14,11,13,12,13,29,24,11,13,13,12,12,16,R1b
FA_62,Faroes,14,11,13,12,13,29,24,11,13,13,12,12,16,R1b
FA_63,Faroes,14,11,13,12,13,29,24,11,13,13,12,12,16,R1b
FA_64,Faroes,14,11,13,12,13,29,24,11,13,13,12,12,16,R1b
FA_65,Faroes,14,11,13,12,13,29,24,11,13,13,12,12,16,R1b
FA_66,Faroes,14,11,13,12,13,29,24,11,13,13,12,12,16,R1b
FA_67,Faroes,14,11,14,12,13,30,23,10,13,13,12,12,17,R1b
FA_68,Faroes,14,11,14,12,13,30,23,10,13,13,12,12,17,R1b
FA_69,Faroes,14,11,13,12,13,29,25,11,14,13,12,12,16,R1b
FA_70,Faroes,14,11,13,12,13,29,25,11,14,13,12,12,16,R1b
FA_71,Faroes,14,11,14,12,13,29,23,10,13,13,12,12,16,R1b
FA_72,Faroes,14,11,14,12,13,29,23,10,13,13,12,12,16,R1b
FA_73,Faroes,15,11,13,12,13,29,24,11,13,13,12,12,16,R1b
FA_74,Faroes,15,11,13,12,13,29,24,11,13,13,12,12,16,R1b
FA_75,Faroes,14,11,14,12,13,30,24,10,13,13,12,12,17,R1b
FA_76,Faroes,14,11,14,12,13,30,24,10,13,13,12,12,17,R1b
FA_77,Faroes,14,11,14,12,14,30,24,10,13,13,12,12,16,R1b
FA_78,Faroes,15,11,14,12,13,29,23,11,13,13,12,12,16,R1b
FA_79,Faroes,14,11,14,12,14,30,23,10,13,13,12,12,16,R1b
FA_80,Faroes,14,11,14,12,14,30,24,12,13,13,12,12,16,R1b
FA_81,Faroes,14,11,13,12,12,28,25,11,14,13,12,12,16,R1b
FA_82,Faroes,14,11,15,12,13,30,24,11,13,13,12,12,17,R1b
FA_83,Faroes,14,11,13,12,13,29,23,10,14,13,12,12,16,R1b
FA_84,Faroes,14,11,14,12,13,29,24,10,13,13,12,12,16,R1b
FA_85,Faroes,14,11,13,12,13,29,24,10,13,13,12,12,16,R1b
FA_86,Faroes,14,11,14,12,13,29,23,10,13,12,12,12,16,R1b
FA_87,Faroes,14,11,14,12,13,30,24,11,11,13,12,12,17,R1b
FA_88,Faroes,14,11,13,12,13,29,24,11,11,13,12,12,16,R1b
FA_89,Faroes,14,11,14,12,13,30,23,10,11,13,12,12,17,R1b
FA_90,Faroes,14,11,14,12,13,30,24,11,13,13,12,12,17,R1b
FA_91,Faroes,14,11,15,12,13,31,24,11,13,13,13,12,18,R1b
FA_92,Faroes,14,11,14,12,13,31,25,11,13,13,13,12,18,R1b
FA_93,Faroes,14,11,14,12,14,31,23,10,13,13,12,12,17,R1b
FA_94,Faroes,14,14,14,14,12,28,23,10,11,13,11,10,16,I1
FA_95,Faroes,14,14,14,14,12,28,23,10,11,13,11,10,16,I1
FA_96,Faroes,14,14,14,14,12,28,23,10,11,13,11,10,16,I1
FA_97,Faroes,14,14,14,14,12,28,23,10,11,13,11,10,16,I1
FA_98,Faroes,14,14,14,14,12,28,23,10,11,13,11,10,16,I1
FA_99,Faroes,14,14,14,14,12,28,23,10,11,13,11,10,16,I1
FA_100,Faroes,14,14,15,14,12,28,23,10,11,13,11,10,16,I1
FA_101,Faroes,14,14,15,14,12,28,23,10,11,13,11,10,16,I1
FA_102,Faroes,14,14,15,14,12,28,23,10,11,13,11,10,16,I1
FA_103,Faroes,14,14,15,14,12,28,23,10,11,13,11,10,16,I1
FA_104,Faroes,14,14,15,14,12,28,23,10,11,13,11,10,16,I1
FA_105,Faroes,14,14,15,14,12,28,23,10,11,13,11,9,16,I1
FA_106,Faroes,14,14,15,14,12,28,23,10,11,13,11,9,16,I1
FA_107,Faroes,14,14,15,14,12,28,23,10,11,13,11,9,16,I1
FA_108,Faroes,15,14,14,14,12,28,23,10,11,13,11,10,16,I1
FA_109,Faroes,15,14,14,14,12,28,23,10,11,13,11,10,16,I1
FA_110,Faroes,15,14,14,14,12,28,23,10,11,13,11,10,16,I1
FA_111,Faroes,15,14,15,14,12,28,23,10,11,13,11,10,16,I1
FA_112,Faroes,15,14,15,14,12,28,23,10,11,13,11,10,16,I1
FA_113,Faroes,14,14,14,14,12,28,22,10,11,13,11,10,16,I1
FA_114,Faroes,14,14,14,14,12,28,22,10,11,13,11,10,16,I1
FA_115,Faroes,14,13,14,14,13,29,22,10,11,13,11,10,16,I1
FA_116,Faroes,14,15,15,14,12,28,23,10,11,13,11,10,16,I1
FA_117,Faroes,14,13,14,14,12,28,23,10,11,13,11,10,16,I1
FA_118,Faroes,14,14,14,12,12,28,22,10,11,13,11,10,16,I1
FA_119,Faroes,14,14,14,14,12,28,22,11,11,13,11,10,16,I1
FA_120,Faroes,15,13,15,14,12,28,22,11,11,13,11,10,16,I1
FA_121,Faroes,14,14,14,14,12,28,23,10,11,13,11,10,16,I1
FA_122,Faroes,14,14,14,14,12,28,24,10,11,12,11,10,16,I1
FA_123,Faroes,14,13,16,17,13,31,23,11,11,12,11,10,18,J1
FA_124,Faroes,14,13,16,17,13,31,23,11,11,12,11,10,18,J1
FA_125,Faroes,14,13,16,17,13,31,23,11,11,12,11,10,18,J1
FA_126,Faroes,14,13,16,17,13,31,23,11,10,12,11,10,18,J1
FA_127,Faroes,14,13,16,17,13,31,23,11,10,12,11,10,18,J1
FA_128,Faroes,13,13,17,12,12,29,23,10,12,13,12,11,17,Q
FA_129,Faroes,13,13,17,12,12,29,23,10,12,13,12,11,17,Q
FA_130,Faroes,13,13,17,12,12,29,23,10,12,13,12,11,17,Q
FA_131,Faroes,13,13,16,12,12,29,23,10,12,13,12,11,17,Q
FA_132,Faroes,14,17,18,12,13,31,24,10,11,13,11,10,18,E1b1b
FA_133,Faroes,13,16,18,12,13,30,24,10,11,13,11,10,17,E1b1b
FA_134,Faroes,16,16,17,13,13,31,23,10,12,14,11,10,18,I2b1
FA_135,Faroes,16,14,15,13,13,30,24,11,11,13,11,10,17,I2a(xI2a1)
FA_136,Faroes,15,13,15,14,12,28,25,11,11,14,11,10,16,I2b(xI2b1)
FA_137,Faroes,17,15,21,13,12,29,24,10,13,12,11,10,17,L
FA_138,Faroes,14,11,13,12,13,29,23,11,14,14,11,10,16,N
FA_139,Faroes,14,13,16,12,13,31,23,11,11,12,11,10,18,J1
DA_1,Denmark,14,10,15,NA,13,30,23,11,13,14,NA,12,17,R1b
DA_2,Denmark,14,11,12,NA,13,30,24,11,13,13,NA,12,17,R1b
DA_3,Denmark,14,11,13,NA,13,27,23,10,13,13,NA,12,14,R1b
DA_4,Denmark,14,11,13,NA,13,29,23,10,13,13,NA,12,16,R1b
DA_5,Denmark,14,11,13,NA,13,29,24,10,13,13,NA,12,16,R1b
DA_6,Denmark,14,11,13,NA,13,29,24,11,13,13,NA,12,16,R1b
DA_7,Denmark,14,11,13,NA,13,29,24,11,13,13,NA,12,16,R1b
DA_8,Denmark,14,11,13,NA,13,30,23,11,13,13,NA,12,17,R1b
DA_9,Denmark,14,11,13,NA,14,29,23,12,13,13,NA,12,15,R1b
DA_10,Denmark,14,11,13,NA,14,30,22,10,13,13,NA,12,16,R1b
DA_11,Denmark,14,11,11,NA,13,30,25,11,13,13,NA,12,17,R1b
DA_12,Denmark,14,11,14,NA,12,28,24,11,13,13,NA,12,16,R1b
DA_13,Denmark,14,11,14,NA,12,28,24,11,14,13,NA,12,16,R1b
DA_14,Denmark,14,11,14,NA,13,28,23,11,13,13,NA,12,15,R1b
DA_15,Denmark,14,11,14,NA,13,28,23,11,13,13,NA,12,15,R1b
DA_16,Denmark,14,11,14,NA,13,28,24,12,13,13,NA,12,15,R1b
DA_17,Denmark,14,11,14,NA,13,29,23,10,13,13,NA,12,16,R1b
DA_18,Denmark,14,11,14,NA,13,29,23,11,13,13,NA,11,16,R1b
DA_19,Denmark,14,11,14,NA,13,29,23,11,13,13,NA,12,16,R1b
DA_20,Denmark,14,11,14,NA,13,29,24,10,13,13,NA,12,16,R1b
DA_21,Denmark,14,11,14,NA,13,29,24,10,14,12,NA,12,16,R1b
DA_22,Denmark,14,11,14,NA,13,29,24,11,12,13,NA,12,16,R1b
DA_23,Denmark,14,11,14,NA,13,29,24,11,13,13,NA,12,16,R1b
DA_24,Denmark,14,11,14,NA,13,29,24,11,13,13,NA,12,16,R1b
DA_25,Denmark,14,11,14,NA,13,29,24,12,13,13,NA,13,16,R1b
DA_26,Denmark,14,11,14,NA,13,30,24,11,13,12,NA,12,17,R1b
DA_27,Denmark,14,11,14,NA,13,30,24,11,13,13,NA,12,17,R1b
DA_28,Denmark,14,11,14,NA,13,30,24,12,13,13,NA,13,17,R1b
DA_29,Denmark,14,11,14,NA,14,30,23,11,13,13,NA,12,16,R1b
DA_30,Denmark,14,11,14,NA,14,30,23,11,13,13,NA,12,16,R1b
DA_31,Denmark,14,11,14,NA,14,30,24,11,13,13,NA,12,16,R1b
DA_32,Denmark,14,11,14,NA,14,30,24,11,13,13,NA,12,16,R1b
DA_33,Denmark,14,11,14,NA,14,30,26,11,13,13,NA,12,16,R1b
DA_34,Denmark,14,11,15,NA,12,28,23,10,13,13,NA,12,16,R1b
DA_35,Denmark,14,11,15,NA,12,28,24,11,13,13,NA,12,16,R1b
DA_36,Denmark,14,11,15,NA,12,28,25,11,13,13,NA,12,16,R1b
DA_37,Denmark,14,11,15,NA,13,29,23,11,13,12,NA,12,16,R1b
DA_38,Denmark,14,11,15,NA,13,29,23,11,13,13,NA,12,16,R1b
DA_39,Denmark,14,11,15,NA,13,29,23,11,13,13,NA,12,16,R1b
DA_40,Denmark,14,11,15,NA,13,29,23,11,13,13,NA,12,16,R1b
DA_41,Denmark,14,11,15,NA,13,29,24,10,13,13,NA,12,16,R1b
DA_42,Denmark,14,11,15,NA,13,29,24,10,13,13,NA,12,16,R1b
DA_43,Denmark,14,11,15,NA,13,29,24,10,14,13,NA,12,16,R1b
DA_44,Denmark,14,11,15,NA,13,29,24,11,13,13,NA,12,16,R1b
DA_45,Denmark,14,11,15,NA,13,29,24,11,13,13,NA,12,16,R1b
DA_46,Denmark,14,11,15,NA,13,29,24,11,13,13,NA,12,16,R1b
DA_47,Denmark,14,11,15,NA,13,29,24,11,13,13,NA,12,16,R1b
DA_48,Denmark,14,11,15,NA,13,29,24,11,13,13,NA,12,16,R1b
DA_49,Denmark,14,11,15,NA,13,30,24,12,13,13,NA,12,17,R1b
DA_50,Denmark,14,11,15,NA,14,30,24,11,13,13,NA,12,16,R1b
DA_51,Denmark,14,12,14,NA,13,29,23,11,13,13,NA,12,16,R1b
DA_52,Denmark,14,12,14,NA,13,29,24,10,15,13,NA,12,16,R1b
DA_53,Denmark,14,12,14,NA,13,29,24,11,13,13,NA,12,16,R1b
DA_54,Denmark,14,12,14,NA,13,29,25,11,12,13,NA,12,16,R1b
DA_55,Denmark,14,12,14,NA,13,32,25,11,13,13,NA,12,19,R1b
DA_56,Denmark,14,12,14,NA,13,32,26,11,13,13,NA,12,19,R1b
DA_57,Denmark,14,12,16,NA,13,29,23,11,14,13,NA,12,16,R1b
DA_58,Denmark,14,14,14,NA,12,27,24,10,13,13,NA,12,15,R1b
DA_59,Denmark,14,9,14,NA,13,29,24,10,13,13,NA,12,16,R1b
DA_60,Denmark,15,11,14,NA,12,28,24,11,13,13,NA,12,16,R1b
DA_61,Denmark,15,11,14,NA,13,29,23,10,13,13,NA,13,16,R1b
DA_62,Denmark,15,11,14,NA,13,29,24,10,13,13,NA,12,16,R1b
DA_63,Denmark,15,11,14,NA,13,29,24,11,13,13,NA,12,16,R1b
DA_64,Denmark,15,11,14,NA,13,29,24,11,13,13,NA,12,16,R1b
DA_65,Denmark,15,11,14,NA,13,29,24,11,16,14,NA,12,16,R1b
DA_66,Denmark,15,11,14,NA,13,29,25,10,13,12,NA,12,16,R1b
DA_67,Denmark,15,11,15,NA,13,29,23,11,13,13,NA,12,16,R1b
DA_68,Denmark,15,11,16,NA,13,29,26,10,13,13,NA,12,16,R1b
DA_69,Denmark,15,12,14,NA,13,29,25,11,12,13,NA,12,16,R1b
DA_70,Denmark,14,11,14,NA,12,28,22,10,11,13,NA,10,16,I1
DA_71,Denmark,14,12,13,NA,12,28,22,10,11,13,NA,10,16,I1
DA_72,Denmark,14,12,14,NA,12,27,23,10,11,13,NA,10,15,I1
DA_73,Denmark,14,12,14,NA,12,28,22,10,11,13,NA,10,16,I1
DA_74,Denmark,14,13,13,NA,12,28,21,11,11,14,NA,10,16,I1
DA_75,Denmark,14,13,13,NA,12,28,22,10,11,13,NA,10,16,I1
DA_76,Denmark,14,13,13,NA,12,28,22,10,11,14,NA,10,16,I1
DA_77,Denmark,14,13,13,NA,12,28,22,10,11,14,NA,10,16,I1
DA_78,Denmark,14,13,13,NA,12,28,22,10,11,14,NA,10,16,I1
DA_79,Denmark,14,13,13,NA,12,28,22,9,11,14,NA,10,16,I1
DA_80,Denmark,14,13,14,NA,12,28,22,10,11,12,NA,10,16,I1
DA_81,Denmark,14,13,14,NA,12,28,22,10,11,13,NA,10,16,I1
DA_82,Denmark,14,13,14,NA,12,28,22,10,11,13,NA,10,16,I1
DA_83,Denmark,14,13,14,NA,12,28,22,10,11,13,NA,10,16,I1
DA_84,Denmark,14,13,14,NA,12,28,22,10,11,13,NA,10,16,I1
DA_85,Denmark,14,13,14,NA,12,28,22,10,11,13,NA,10,16,I1
DA_86,Denmark,14,13,14,NA,12,28,22,10,11,15,NA,10,16,I1
DA_87,Denmark,14,13,14,NA,12,28,23,10,11,13,NA,10,16,I1
DA_88,Denmark,14,13,14,NA,12,28,23,10,11,13,NA,10,16,I1
DA_89,Denmark,14,13,14,NA,12,28,23,10,11,13,NA,10,16,I1
DA_90,Denmark,14,13,14,NA,12,28,23,10,11,15,NA,10,16,I1
DA_91,Denmark,14,13,14,NA,12,29,22,10,11,13,NA,11,17,I1
DA_92,Denmark,14,13,15,NA,12,28,22,10,11,13,NA,10,16,I1
DA_93,Denmark,14,13,15,NA,12,28,22,10,11,13,NA,10,16,I1
DA_94,Denmark,14,13,15,NA,12,28,22,10,10.2,13,NA,10,16,I1
DA_95,Denmark,14,13,15,NA,13,29,22,10,11,13,NA,10,16,I1
DA_96,Denmark,14,13,15,NA,14,30,22,10,11,13,NA,10,16,I1
DA_97,Denmark,14,13,15,NA,14,30,22,10,11,13,NA,10,16,I1
DA_98,Denmark,14,13,16,NA,12,28,22,10,11,13,NA,10,16,I1
DA_99,Denmark,14,14,14,NA,11,27,22,10,11,12,NA,10,16,I1
DA_100,Denmark,14,14,14,NA,12,28,22,10,11,13,NA,10,16,I1
DA_101,Denmark,14,14,14,NA,12,28,22,10,11,13,NA,10,16,I1
DA_102,Denmark,14,14,14,NA,12,28,22,10,11,13,NA,10,16,I1
DA_103,Denmark,14,14,14,NA,12,28,23,10,11,12,NA,10,16,I1
DA_104,Denmark,14,14,14,NA,12,28,23,10,11,13,NA,10,16,I1
DA_105,Denmark,14,14,14,NA,12,28,23,10,11,13,NA,10,16,I1
DA_106,Denmark,14,14,14,NA,12,28,23,10,11,13,NA,10,16,I1
DA_107,Denmark,14,14,14,NA,12,28,23,10,11,13,NA,10,16,I1
DA_108,Denmark,14,14,14,NA,12,28,23,10,11,13,NA,10,16,I1
DA_109,Denmark,14,14,14,NA,12,28,23,10,11,14,NA,10,16,I1
DA_110,Denmark,14,14,14,NA,12,28,24,10,11,13,NA,10,16,I1
DA_111,Denmark,14,14,14,NA,12,29,23,10,11,13,NA,10,17,I1
DA_112,Denmark,14,14,14,NA,12,29,23,10,11,13,NA,10,17,I1
DA_113,Denmark,14,14,15,NA,12,28,22,10,11,13,NA,10,16,I1
DA_114,Denmark,14,14,15,NA,12,28,23,10,11,13,NA,10,16,I1
DA_115,Denmark,14,14,15,NA,12,28,23,10,11,13,NA,10,16,I1
DA_116,Denmark,14,14,15,NA,12,28,23,10,11,13,NA,10,16,I1
DA_117,Denmark,14,14,15,NA,12,28,23,10,11,13,NA,10,16,I1
DA_118,Denmark,14,14,15,NA,12,28,23,10,11,13,NA,10,16,I1
DA_119,Denmark,14,14,15,NA,12,29,23,10,11,13,NA,10,17,I1
DA_120,Denmark,14,15,15,NA,13,29,22,10,11,13,NA,10,16,I1
DA_121,Denmark,15,13,13,NA,13,29,22,10,11,14,NA,10,16,I1
DA_122,Denmark,15,13,14,NA,12,28,22,10,11,12,NA,10,16,I1
DA_123,Denmark,15,13,14,NA,12,28,22,10,11,12,NA,10,16,I1
DA_124,Denmark,15,13,14,NA,12,29,22,10,11,13,NA,10,17,I1
DA_125,Denmark,15,13,15,NA,13,29,22,10,11,13,NA,10,16,I1
DA_126,Denmark,15,14,14,NA,11,27,22,10,12,12,NA,10,16,I1
DA_127,Denmark,15,14,14,NA,13,29,22,10,11,13,NA,10,16,I1
DA_128,Denmark,15,14,14,NA,13,29,23,10,11,12,NA,10,16,I1
DA_129,Denmark,15,10,14,NA,13,29,25,10,11,14,NA,11,16,R1a
DA_130,Denmark,15,11,14,NA,13,29,24,10,11,13,NA,11,16,R1a
DA_131,Denmark,15,11,14,NA,13,29,24,11,14,13,NA,12,16,R1a
DA_132,Denmark,15,11,14,NA,13,29,25,11,11,13,NA,11,16,R1a
DA_133,Denmark,15,11,14,NA,13,30,24,10,11,13,NA,11,17,R1a
DA_134,Denmark,15,11,14,NA,13,30,25,10,11,13,NA,11,17,R1a
DA_135,Denmark,15,11,14,NA,13,30,25,11,11,15,NA,11,17,R1a
DA_136,Denmark,15,11,14,NA,13,30,25,12,11,13,NA,11,17,R1a
DA_137,Denmark,15,11,14,NA,13,31,25,11,11,13,NA,11,18,R1a
DA_138,Denmark,15,11,14,NA,13,31,25,11,11,13,NA,11,18,R1a
DA_139,Denmark,15,11,14,NA,14,31,26,10,11,13,NA,11,17,R1a
DA_140,Denmark,15,11,14,NA,14,32,26,10,11,13,NA,11,18,R1a
DA_141,Denmark,15,11,15,NA,13,31,25,10,11,13,NA,11,18,R1a
DA_142,Denmark,15,11,17,NA,14,31,26,11,11,13,NA,11,17,R1a
DA_143,Denmark,15,12,14,NA,13,31,25,11,11,13,NA,11,18,R1a
DA_144,Denmark,15,9,14,NA,13,30,25,11,11,13,NA,11,17,R1a
DA_145,Denmark,16,10,14,NA,13,30,24,10,11,13,NA,11,17,R1a
DA_146,Denmark,16,11,14,NA,13,30,24,11,11,13,NA,11,17,R1a
DA_147,Denmark,16,11,14,NA,13,30,25,10,11,13,NA,11,17,R1a
DA_148,Denmark,16,11,14,NA,13,30,25,10,11,13,NA,11,17,R1a
DA_149,Denmark,16,11,14,NA,13,30,25,10,11,13,NA,11,17,R1a
DA_150,Denmark,16,11,14,NA,14,30,25,10,11,13,NA,11,16,R1a
DA_151,Denmark,16,11,14,NA,14,31,25,10,11,13,NA,11,17,R1a
DA_152,Denmark,16,11,14,NA,14,31,25,10,11,13,NA,11,17,R1a
DA_153,Denmark,16,11,15,NA,13,29,24,11,11,13,NA,11,16,R1a
DA_154,Denmark,16,11,15,NA,13,31,26,10,11,13,NA,11,18,R1a
DA_155,Denmark,16,12,14,NA,13,29,25,10,11,13,NA,11,16,R1a
DA_156,Denmark,16,12,14,NA,13,30,25,10,11,13,NA,11,17,R1a
DA_157,Denmark,16,14,14,NA,13,30,25,10,11,13,NA,11,17,R1a
DA_158,Denmark,17,10,14,NA,13,30,25,10,11,13,NA,11,17,R1a
DA_159,Denmark,17,11,14,NA,13,30,25,11,11,13,NA,11,17,R1a
DA_160,Denmark,14,15,15,NA,14,31,23,10,12,14,NA,10,17,I2b1
DA_161,Denmark,15,14,15,NA,14,31,24,10,12,14,NA,10,17,I2b1
DA_162,Denmark,15,14,16,NA,13,30,23,10,12,15,NA,10,17,I2b1
DA_163,Denmark,15,15,15,NA,14,32,23,10,12,13,NA,10,18,I2b1
DA_164,Denmark,15,15,16,NA,13,30,23,10,12,14,NA,10,17,I2b1
DA_165,Denmark,15,15,16,NA,14,32,23,10,12,14,NA,10,18,I2b1
DA_166,Denmark,16,14,16,NA,13,28,23,10,12,14,NA,10,15,I2b1
DA_167,Denmark,16,15,15,NA,14,31,22,10,12,15,NA,10,17,I2b1
DA_168,Denmark,16,15,15,NA,14,33,23,10,12,15,NA,10,19,I2b1
DA_169,Denmark,16,15,17,NA,14,30,23,10,12,15,NA,10,16,I2b1
DA_170,Denmark,13,13,16,NA,13,29,22,10,15,13,NA,11,16,Q
DA_171,Denmark,13,13,19,NA,13,30,25,10,14,13,NA,12,17,Q
DA_172,Denmark,13,14,23,NA,11,27,23,11,14,13,NA,12,16,Q
DA_173,Denmark,13,16,16,NA,14,32,24,10,11,13,NA,10,18,E1b1b
DA_174,Denmark,13,16,18,NA,13,30,24,10,11,13,NA,10,17,E1b1b
DA_175,Denmark,13,16,18,NA,13,30,24,10,11,13,NA,10,17,E1b1b
DA_176,Denmark,14,16,17,NA,14,32,24,10,11,13,NA,10,18,E1b1b
DA_177,Denmark,15,14,17,NA,12,28,23,10,11,12,NA,9,16,J2b
DA_178,Denmark,15,14,17,NA,12,29,24,10,11,12,NA,9,17,J2b
DA_179,Denmark,16,15,19,NA,12,28,24,10,11,12,NA,9,16,J2b
DA_180,Denmark,15,11,11,NA,14,34,24,10,11,13,NA,10,20,I2a(xI2a1)
DA_181,Denmark,15,13,15,NA,13,31,24,11,11,13,NA,10,18,I2a(xI2a1)
DA_182,Denmark,14,13,17,NA,13,29,23,10,11,12,NA,9,16,J2a1b
DA_183,Denmark,15,11,13,NA,14,30,23,11,14,14,NA,10,16,N
DA_184,Denmark,15,14,17,NA,12,29,22,10,11,13,NA,10,17,G2a
DA_185,Denmark,17,13,16,NA,12,29,25,11,11,14,NA,10,17,I2b(xI2b1)
IR_1,Ireland,14,10,13,NA,13,29,25,11,14,13,NA,12,16,R1b
IR_2,Ireland,14,10,14,NA,14,30,24,12,13,13,NA,12,16,R1b
IR_3,Ireland,14,11,11,NA,13,29,23,11,14,13,NA,12,16,R1b
IR_4,Ireland,14,11,11,NA,13,29,24,11,13,13,NA,12,16,R1b
IR_5,Ireland,14,11,11,NA,13,29,26,11,13,12,NA,12,16,R1b
IR_6,Ireland,14,11,11,NA,13,30,24,11,13,13,NA,12,17,R1b
IR_7,Ireland,14,11,12,NA,13,29,25,10,14,13,NA,12,16,R1b
IR_8,Ireland,15,11,12,NA,13,29,23,11,13,13,NA,12,16,R1b
IR_9,Ireland,14,11,13,NA,12,28,24,11,14,13,NA,12,16,R1b
IR_10,Ireland,14,11,13,NA,13,29,23,11,14,13,NA,12,16,R1b
IR_11,Ireland,14,11,13,NA,13,29,25,10,14,13,NA,12,16,R1b
IR_12,Ireland,14,11,13,NA,13,29,25,10,14,13,NA,12,16,R1b
IR_13,Ireland,14,11,13,NA,13,29,25,10,14,13,NA,12,16,R1b
IR_14,Ireland,14,11,13,NA,13,29,25,11,14,13,NA,12,16,R1b
IR_15,Ireland,14,11,13,NA,13,29,25,11,14,13,NA,12,16,R1b
IR_16,Ireland,14,11,13,NA,13,29,25,11,14,13,NA,12,16,R1b
IR_17,Ireland,14,11,13,NA,13,29,25,11,14,13,NA,12,16,R1b
IR_18,Ireland,14,11,13,NA,13,29,25,11,14,13,NA,12,16,R1b
IR_19,Ireland,14,11,13,NA,13,29,25,11,14,14,NA,12,16,R1b
IR_20,Ireland,14,11,13,NA,13,29,25,11,15,13,NA,12,16,R1b
IR_21,Ireland,14,11,13,NA,13,29,25,11,15,13,NA,12,16,R1b
IR_22,Ireland,14,11,13,NA,13,29,25,11,15,13,NA,12,16,R1b
IR_23,Ireland,14,11,13,NA,13,29,26,11,14,13,NA,12,16,R1b
IR_24,Ireland,14,11,13,NA,13,29,26,11,14,13,NA,12,16,R1b
IR_25,Ireland,14,11,13,NA,13,30,24,11,13,13,NA,12,17,R1b
IR_26,Ireland,14,11,13,NA,13,30,25,11,14,13,NA,12,17,R1b
IR_27,Ireland,14,11,13,NA,14,31,25,10,13,13,NA,12,17,R1b
IR_28,Ireland,14,11,14,NA,11,27,23,10,13,13,NA,12,16,R1b
IR_29,Ireland,14,11,14,NA,12,28,24,10,13,13,NA,12,16,R1b
IR_30,Ireland,14,11,14,NA,12,29,24,10,13,13,NA,12,17,R1b
IR_31,Ireland,14,11,14,NA,13,27,23,10,13,13,NA,12,14,R1b
IR_32,Ireland,14,11,14,NA,13,28,23,10,13,13,NA,11,15,R1b
IR_33,Ireland,14,11,14,NA,13,28,23,10,13,13,NA,12,15,R1b
IR_34,Ireland,14,11,14,NA,13,28,23,11,13,14,NA,12,15,R1b
IR_35,Ireland,14,11,14,NA,13,29,23,10,13,13,NA,12,16,R1b
IR_36,Ireland,14,11,14,NA,13,29,23,10,13,13,NA,12,16,R1b
IR_37,Ireland,14,11,14,NA,13,29,23,10,13,14,NA,12,16,R1b
IR_38,Ireland,14,11,14,NA,13,29,23,11,13,13,NA,12,16,R1b
IR_39,Ireland,14,11,14,NA,13,29,23,11,13,13,NA,11,16,R1b
IR_40,Ireland,14,11,14,NA,13,29,23,11,13,13,NA,12,16,R1b
IR_41,Ireland,14,11,14,NA,13,29,23,11,13,14,NA,12,16,R1b
IR_42,Ireland,14,11,14,NA,13,29,24,10,13,12,NA,12,16,R1b
IR_43,Ireland,14,11,14,NA,13,29,24,10,13,13,NA,12,16,R1b
IR_44,Ireland,14,11,14,NA,13,29,24,10,13,13,NA,12,16,R1b
IR_45,Ireland,14,11,14,NA,13,29,24,10,13,13,NA,12,16,R1b
IR_46,Ireland,14,11,14,NA,13,29,24,10,13,13,NA,12,16,R1b
IR_47,Ireland,14,11,14,NA,13,29,24,10,13,14,NA,12,16,R1b
IR_48,Ireland,14,11,14,NA,13,29,24,11,13,13,NA,12,16,R1b
IR_49,Ireland,14,11,14,NA,13,29,24,11,13,13,NA,12,16,R1b
IR_50,Ireland,14,11,14,NA,13,29,24,11,13,13,NA,12,16,R1b
IR_51,Ireland,14,11,14,NA,13,29,24,11,13,13,NA,12,16,R1b
IR_52,Ireland,14,11,14,NA,13,29,24,11,13,13,NA,12,16,R1b
IR_53,Ireland,14,11,14,NA,13,29,24,11,13,13,NA,12,16,R1b
IR_54,Ireland,14,11,14,NA,13,29,24,11,13,13,NA,12,16,R1b
IR_55,Ireland,14,11,14,NA,13,29,24,11,13,13,NA,12,16,R1b
IR_56,Ireland,14,11,14,NA,13,29,24,11,13,13,NA,12,16,R1b
IR_57,Ireland,14,11,14,NA,13,29,24,11,13,13,NA,12,16,R1b
IR_58,Ireland,14,11,14,NA,13,29,24,11,13,13,NA,12,16,R1b
IR_59,Ireland,14,11,14,NA,13,29,24,11,13,13,NA,12,16,R1b
IR_60,Ireland,14,11,14,NA,13,29,24,11,13,13,NA,12,16,R1b
IR_61,Ireland,14,11,14,NA,13,29,24,12,13,13,NA,12,16,R1b
IR_62,Ireland,14,11,14,NA,13,29,24,12,13,13,NA,12,16,R1b
IR_63,Ireland,14,11,14,NA,13,29,25,11,13,13,NA,12,16,R1b
IR_64,Ireland,14,11,14,NA,13,29,25,11,13,13,NA,12,16,R1b
IR_65,Ireland,14,11,14,NA,13,29,25,11,13,13,NA,12,16,R1b
IR_66,Ireland,14,11,14,NA,13,29,25,11,13,13,NA,12,16,R1b
IR_67,Ireland,14,11,14,NA,13,29,25,11,13,13,NA,12,16,R1b
IR_68,Ireland,14,11,14,NA,13,30,24,11,14,13,NA,12,17,R1b
IR_69,Ireland,14,11,14,NA,13,31,24,12,13,13,NA,12,18,R1b
IR_70,Ireland,14,11,14,NA,14,30,24,10,13,13,NA,12,16,R1b
IR_71,Ireland,14,11,14,NA,14,30,24,10,13,13,NA,12,16,R1b
IR_72,Ireland,14,11,14,NA,14,30,24,11,13,13,NA,12,16,R1b
IR_73,Ireland,14,11,14,NA,14,30,24,11,13,13,NA,12,16,R1b
IR_74,Ireland,14,11,14,NA,14,30,24,11,13,13,NA,12,16,R1b
IR_75,Ireland,14,11,14,NA,14,30,24,11,13,13,NA,12,16,R1b
IR_76,Ireland,14,11,14,NA,14,30,25,11,13,13,NA,12,16,R1b
IR_77,Ireland,14,11,14,NA,14,30,25,11,13,13,NA,12,16,R1b
IR_78,Ireland,14,11,14,NA,14,30,25,11,13,13,NA,12,16,R1b
IR_79,Ireland,14,11,14,NA,14,31,24,10,13,13,NA,12,17,R1b
IR_80,Ireland,14,11,14,NA,14,31,24,11,13,13,NA,12,17,R1b
IR_81,Ireland,14,11,14,NA,14,31,24,11,13,13,NA,12,17,R1b
IR_82,Ireland,14,11,14,NA,14,31,24,11,13,13,NA,12,17,R1b
IR_83,Ireland,14,11,14,NA,14,31,24,11,13,13,NA,12,17,R1b
IR_84,Ireland,15,11,14,NA,12,28,23,11,13,13,NA,12,16,R1b
IR_85,Ireland,15,11,14,NA,12,28,24,10,13,13,NA,12,16,R1b
IR_86,Ireland,15,11,14,NA,13,29,24,11,13,13,NA,12,16,R1b
IR_87,Ireland,15,11,14,NA,13,29,24,11,13,13,NA,12,16,R1b
IR_88,Ireland,15,11,14,NA,13,30,23,10,13,13,NA,12,17,R1b
IR_89,Ireland,15,11,14,NA,14,30,23,11,13,13,NA,12,16,R1b
IR_90,Ireland,15,11,14,NA,14,30,24,11,13,13,NA,12,16,R1b
IR_91,Ireland,15,11,14,NA,14,32,23,11,13,13,NA,12,18,R1b
IR_92,Ireland,13,11,15,NA,13,29,24,10,13,13,NA,12,16,R1b
IR_93,Ireland,14,11,15,NA,12,28,25,11,13,13,NA,12,16,R1b
IR_94,Ireland,14,11,15,NA,13,28,23,10,13,13,NA,12,15,R1b
IR_95,Ireland,14,11,15,NA,13,29,22,11,13,13,NA,12,16,R1b
IR_96,Ireland,14,11,15,NA,13,29,23,11,13,13,NA,12,16,R1b
IR_97,Ireland,14,11,15,NA,13,29,24,10,13,13,NA,12,16,R1b
IR_98,Ireland,14,11,15,NA,13,29,24,10,13,13,NA,12,16,R1b
IR_99,Ireland,14,11,15,NA,13,29,24,10,13,13,NA,12,16,R1b
IR_100,Ireland,14,11,15,NA,13,29,24,10,13,13,NA,12,16,R1b
IR_101,Ireland,14,11,15,NA,13,29,24,10,13,13,NA,12,16,R1b
IR_102,Ireland,14,11,15,NA,13,29,24,10,13,13,NA,12,16,R1b
IR_103,Ireland,14,11,15,NA,13,29,24,10,13,13,NA,12,16,R1b
IR_104,Ireland,14,11,15,NA,13,29,24,11,13,13,NA,12,16,R1b
IR_105,Ireland,14,11,15,NA,13,29,24,11,13,13,NA,12,16,R1b
IR_106,Ireland,14,11,15,NA,13,29,24,11,13,13,NA,12,16,R1b
IR_107,Ireland,14,11,15,NA,13,29,24,11,13,13,NA,12,16,R1b
IR_108,Ireland,14,11,15,NA,13,29,24,11,13,14,NA,13,16,R1b
IR_109,Ireland,14,11,15,NA,13,29,25,11,13,13,NA,12,16,R1b
IR_110,Ireland,14,11,15,NA,13,29,25,12,13,13,NA,12,16,R1b
IR_111,Ireland,14,11,15,NA,13,30,22,10,13,13,NA,12,17,R1b
IR_112,Ireland,14,11,15,NA,13,30,23,11,13,13,NA,12,17,R1b
IR_113,Ireland,14,11,15,NA,13,30,24,10,13,13,NA,12,17,R1b
IR_114,Ireland,14,11,15,NA,13,30,24,11,13,13,NA,12,17,R1b
IR_115,Ireland,14,11,15,NA,14,30,23,11,13,13,NA,12,16,R1b
IR_116,Ireland,14,11,15,NA,14,30,24,10,13,13,NA,12,16,R1b
IR_117,Ireland,15,11,15,NA,13,29,24,11,13,13,NA,12,16,R1b
IR_118,Ireland,14,11,16,NA,13,29,24,10,13,13,NA,12,16,R1b
IR_119,Ireland,14,11,16,NA,13,29,24,11,13,13,NA,12,16,R1b
IR_120,Ireland,14,12,12,NA,13,29,25,11,14,13,NA,12,16,R1b
IR_121,Ireland,14,12,13,NA,13,28,25,11,14,13,NA,12,15,R1b
IR_122,Ireland,14,12,13,NA,13,28,25,11,14,13,NA,12,15,R1b
IR_123,Ireland,14,12,15,NA,13,31,24,10,13,13,NA,12,18,R1b
IR_124,Ireland,14,13,14,NA,13,29,24,11,13,13,NA,12,16,R1b
IR_125,Ireland,15,15,15,NA,13,30,23,10,12,14,NA,10,17,I2b1
IR_126,Ireland,15,15,15,NA,13,32,20,10,12,14,NA,10,19,I2b1
IR_127,Ireland,15,15,15,NA,14,31,23,10,12,14,NA,10,17,I2b1
IR_128,Ireland,15,15,15,NA,14,31,23,10,12,14,NA,10,17,I2b1
IR_129,Ireland,16,15,15,NA,13,29,23,11,12,14,NA,10,16,I2b1
IR_130,Ireland,15,15,16,NA,13,29,24,10,12,15,NA,10,16,I2b1
IR_131,Ireland,15,15,16,NA,13,29,24,10,12,15,NA,10,16,I2b1
IR_132,Ireland,15,16,16,NA,13,29,24,10,12,15,NA,10,16,I2b1
IR_133,Ireland,14,13,14,NA,12,27,22,10,11,13,NA,10,15,I1
IR_134,Ireland,14,13,14,NA,12,28,22,11,11,14,NA,11,16,I1
IR_135,Ireland,14,13,14,NA,12,28,23,10,11,13,NA,8,16,I1
IR_136,Ireland,14,13,14,NA,12,28,23,10,11,13,NA,10,16,I1
IR_137,Ireland,14,13,15,NA,12,28,23,10,11,15,NA,10,16,I1
IR_138,Ireland,14,14,14,NA,12,28,23,10,10,13,NA,10,16,I1
IR_139,Ireland,15,12,16,NA,13,29,23,10,11,13,NA,10,16,I2a(xI2a1)
IR_140,Ireland,15,12,16,NA,15,31,24,11,11,13,NA,10,16,I2a(xI2a1)
IR_141,Ireland,15,11,15,NA,14,31,24,10,11,13,NA,10,17,I2a(xI2a1)
IR_142,Ireland,16,11,15,NA,14,31,22,11,11,13,NA,10,17,I2a(xI2a1)
IR_143,Ireland,15,11,13,NA,12,28,22,10,9,13,NA,10,16,G2a
IR_144,Ireland,15,13,14,NA,12,29,22,10,11,14,NA,10,17,G2a
IR_145,Ireland,15,11,14,NA,13,29,25,11,11,13,NA,11,16,R1a
IR_146,Ireland,15,11,14,NA,13,30,25,11,11,13,NA,11,17,R1a
IR_147,Ireland,14,14,16,NA,14,30,25,10,11,12,NA,10,16,J2b
IR_148,Ireland,13,16,18,NA,14,31,25,10,11,13,NA,10,17,E1b1b
ICE_1,Iceland,13,13,17,12,9,25,23,10,12,13,NA,NA,16,E1b1b
ICE_2,Iceland,13,13,17,12,9,26,23,10,12,13,NA,NA,17,E1b1b
ICE_3,Iceland,13,13,17,12,9,26,23,10,12,13,NA,NA,17,E1b1b
ICE_4,Iceland,13,13,17,12,9,26,23,10,12,13,NA,NA,17,E1b1b
ICE_5,Iceland,13,13,17,12,9,26,23,10,12,13,NA,NA,17,E1b1b
ICE_6,Iceland,13,13,17,12,9,26,23,10,12,13,NA,NA,17,E1b1b
ICE_7,Iceland,13,13,18,12,9,26,23,10,12,13,NA,NA,17,E1b1b
ICE_8,Iceland,13,13,17,12,10,26,23,10,12,13,NA,NA,16,E1b1b
ICE_9,Iceland,13,13,17,12,9,26,23,11,12,13,NA,NA,17,E1b1b
ICE_10,Iceland,13,13,17,12,9,26,23,11,12,13,NA,NA,17,E1b1b
ICE_11,Iceland,13,13,17,12,9,26,23,11,12,13,NA,NA,17,E1b1b
ICE_12,Iceland,13,13,17,12,9,27,23,11,12,13,NA,NA,18,E1b1b
ICE_13,Iceland,13,11,14,12,10,26,24,10,13,13,NA,NA,16,R1b
ICE_14,Iceland,13,12,14,12,10,26,24,10,13,13,NA,NA,16,R1b
ICE_15,Iceland,14,11,14,12,11,27,22,10,13,13,NA,NA,16,R1b
ICE_16,Iceland,14,11,14,12,10,26,23,9,13,13,NA,NA,16,R1b
ICE_17,Iceland,14,11,14,12,10,27,23,9,13,13,NA,NA,17,R1b
ICE_18,Iceland,14,15,16,12,10,25,23,10,13,13,NA,NA,15,R1b
ICE_19,Iceland,14,11,14,12,10,27,23,10,13,13,NA,NA,17,R1b
ICE_20,Iceland,14,11,11,12,10,26,23,11,13,13,NA,NA,16,R1b
ICE_21,Iceland,14,11,14,12,10,26,23,11,13,13,NA,NA,16,R1b
ICE_22,Iceland,14,11,14,12,10,26,23,11,13,13,NA,NA,16,R1b
ICE_23,Iceland,14,11,14,12,11,27,23,11,13,13,NA,NA,16,R1b
ICE_24,Iceland,14,11,14,12,11,27,23,11,13,13,NA,NA,16,R1b
ICE_25,Iceland,14,11,14,12,11,27,23,11,13,13,NA,NA,16,R1b
ICE_26,Iceland,14,11,16,12,10,26,23,12,13,13,NA,NA,16,R1b
ICE_27,Iceland,14,11,15,12,9,25,24,10,13,13,NA,NA,16,R1b
ICE_28,Iceland,14,11,14,12,10,25,24,10,13,13,NA,NA,15,R1b
ICE_29,Iceland,14,11,14,12,10,26,24,10,13,13,NA,NA,16,R1b
ICE_30,Iceland,14,11,14,12,10,26,24,10,13,13,NA,NA,16,R1b
ICE_31,Iceland,14,11,14,12,10,26,24,10,13,13,NA,NA,16,R1b
ICE_32,Iceland,14,11,14,14,10,25,24,10,13,13,NA,NA,15,R1b
ICE_33,Iceland,14,11,13,12,10,26,24,11,13,12,NA,NA,16,R1b
ICE_34,Iceland,14,11,13,12,10,25,24,11,13,13,NA,NA,15,R1b
ICE_35,Iceland,14,11,14,12,10,25,24,11,13,13,NA,NA,15,R1b
ICE_36,Iceland,14,11,14,12,10,25,24,11,13,13,NA,NA,15,R1b
ICE_37,Iceland,14,11,14,12,10,26,24,11,13,13,NA,NA,16,R1b
ICE_38,Iceland,14,11,14,12,10,26,24,11,13,13,NA,NA,16,R1b
ICE_39,Iceland,14,11,14,12,10,26,24,11,13,13,NA,NA,16,R1b
ICE_40,Iceland,14,11,14,12,10,26,24,11,13,13,NA,NA,16,R1b
ICE_41,Iceland,14,11,14,12,10,26,24,11,13,13,NA,NA,16,R1b
ICE_42,Iceland,14,11,14,12,10,26,24,11,13,13,NA,NA,16,R1b
ICE_43,Iceland,14,11,14,12,10,26,24,11,13,13,NA,NA,16,R1b
ICE_44,Iceland,14,11,14,12,10,26,24,11,13,13,NA,NA,16,R1b
ICE_45,Iceland,14,11,15,12,10,26,24,11,13,13,NA,NA,16,R1b
ICE_46,Iceland,14,12,14,12,10,26,24,11,13,13,NA,NA,16,R1b
ICE_47,Iceland,14,11,13,12,10,26,24,11,13,13,NA,NA,16,R1b
ICE_48,Iceland,14,11,13,12,10,26,24,11,13,13,NA,NA,16,R1b
ICE_49,Iceland,14,11,13,12,10,26,24,11,13,13,NA,NA,16,R1b
ICE_50,Iceland,14,11,13,12,10,26,24,11,13,13,NA,NA,16,R1b
ICE_51,Iceland,14,11,13,12,10,26,24,11,13,13,NA,NA,16,R1b
ICE_52,Iceland,14,11,14,12,10,27,24,11,13,13,NA,NA,17,R1b
ICE_53,Iceland,14,11,14,12,11,27,24,11,13,13,NA,NA,16,R1b
ICE_54,Iceland,14,11,13,12,11,27,24,11,13,13,NA,NA,16,R1b
ICE_55,Iceland,14,11,13,12,11,27,24,11,13,13,NA,NA,16,R1b
ICE_56,Iceland,14,12,14,12,11,27,24,11,13,13,NA,NA,16,R1b
ICE_57,Iceland,14,11,13,12,10,26,24,11,14,13,NA,NA,16,R1b
ICE_58,Iceland,14,11,14,12,11,27,24,12,13,13,NA,NA,16,R1b
ICE_59,Iceland,14,11,14,12,11,27,24,12,13,14,NA,NA,16,R1b
ICE_60,Iceland,14,11,14,12,11,27,24,13,13,13,NA,NA,16,R1b
ICE_61,Iceland,14,11,14,12,10,27,25,10,13,13,NA,NA,17,R1b
ICE_62,Iceland,14,11,14,11,10,26,25,11,13,13,NA,NA,16,R1b
ICE_63,Iceland,14,11,14,12,10,26,25,11,13,13,NA,NA,16,R1b
ICE_64,Iceland,14,11,14,12,10,26,25,11,13,13,NA,NA,16,R1b
ICE_65,Iceland,14,11,14,12,10,26,25,11,13,13,NA,NA,16,R1b
ICE_66,Iceland,14,11,14,12,10,26,25,11,13,13,NA,NA,16,R1b
ICE_67,Iceland,14,11,14,12,10,26,25,11,13,13,NA,NA,16,R1b
ICE_68,Iceland,14,12,15,12,10,26,25,11,13,13,NA,NA,16,R1b
ICE_69,Iceland,14,11,13,12,10,24,25,11,14,13,NA,NA,14,R1b
ICE_70,Iceland,14,11,13,12,10,26,25,11,14,13,NA,NA,16,R1b
ICE_71,Iceland,14,11,13,12,11,26,25,11,14,13,NA,NA,15,R1b
ICE_72,Iceland,14,11,14,11,10,26,26,11,13,13,NA,NA,16,R1b
ICE_73,Iceland,14,11,14,11,10,26,26,11,13,13,NA,NA,16,R1b
ICE_74,Iceland,14,11,14,12,10,26,27,11,13,13,NA,NA,16,R1b
ICE_75,Iceland,15,11,13,12,10,26,24,11,13,14,NA,NA,16,R1b
ICE_76,Iceland,14,11,13,12,11,26,25,10,14,14,NA,NA,15,R1b
ICE_77,Iceland,14,13,14,14,9,25,22,10,11,13,NA,NA,16,I1
ICE_78,Iceland,14,14,15,14,9,25,22,10,11,13,NA,NA,16,I1
ICE_79,Iceland,14,14,14,14,9,25,22,10,11,13,NA,NA,16,I1
ICE_80,Iceland,14,14,14,14,10,27,22,10,11,13,NA,NA,17,I1
ICE_81,Iceland,14,15,15,14,9,25,23,10,11,12,NA,NA,16,I1
ICE_82,Iceland,14,14,15,12,10,25,23,10,11,13,NA,NA,15,I1
ICE_83,Iceland,14,14,15,14,9,24,23,10,11,13,NA,NA,15,I1
ICE_84,Iceland,14,13,14,14,9,25,23,10,11,13,NA,NA,16,I1
ICE_85,Iceland,14,13,14,14,9,25,23,10,11,13,NA,NA,16,I1
ICE_86,Iceland,14,13,14,14,9,25,23,10,11,13,NA,NA,16,I1
ICE_87,Iceland,14,13,15,14,9,25,23,10,11,13,NA,NA,16,I1
ICE_88,Iceland,14,13,15,14,9,25,23,10,11,13,NA,NA,16,I1
ICE_89,Iceland,14,13,15,14,9,25,23,10,11,13,NA,NA,16,I1
ICE_90,Iceland,14,13,15,14,9,25,23,10,11,13,NA,NA,16,I1
ICE_91,Iceland,14,13,15,14,9,25,23,10,11,13,NA,NA,16,I1
ICE_92,Iceland,14,14,14,14,9,25,23,10,11,13,NA,NA,16,I1
ICE_93,Iceland,14,14,14,14,9,25,23,10,11,13,NA,NA,16,I1
ICE_94,Iceland,14,14,14,14,9,25,23,10,11,13,NA,NA,16,I1
ICE_95,Iceland,14,14,15,14,9,25,23,10,11,13,NA,NA,16,I1
ICE_96,Iceland,14,14,15,14,9,25,23,10,11,13,NA,NA,16,I1
ICE_97,Iceland,14,14,15,14,9,25,23,10,11,13,NA,NA,16,I1
ICE_98,Iceland,14,14,15,14,9,25,23,10,11,13,NA,NA,16,I1
ICE_99,Iceland,14,14,15,14,9,25,23,10,11,13,NA,NA,16,I1
ICE_100,Iceland,14,14,15,14,9,25,23,10,11,13,NA,NA,16,I1
ICE_101,Iceland,14,14,15,14,9,25,23,10,11,13,NA,NA,16,I1
ICE_102,Iceland,14,14,15,14,9,25,23,10,11,13,NA,NA,16,I1
ICE_103,Iceland,14,14,15,14,9,25,23,10,11,13,NA,NA,16,I1
ICE_104,Iceland,14,14,15,14,9,25,23,10,11,13,NA,NA,16,I1
ICE_105,Iceland,14,14,15,14,9,25,23,10,11,13,NA,NA,16,I1
ICE_106,Iceland,14,14,15,14,9,25,23,10,11,13,NA,NA,16,I1
ICE_107,Iceland,14,14,15,14,9,25,23,10,11,13,NA,NA,16,I1
ICE_108,Iceland,14,14,15,14,9,25,23,10,11,13,NA,NA,16,I1
ICE_109,Iceland,14,14,15,14,9,25,23,10,11,13,NA,NA,16,I1
ICE_110,Iceland,14,14,15,14,9,25,23,10,11,13,NA,NA,16,I1
ICE_111,Iceland,14,14,15,14,9,25,23,10,11,13,NA,NA,16,I1
ICE_112,Iceland,14,14,15,14,9,25,23,10,11,13,NA,NA,16,I1
ICE_113,Iceland,14,14,15,14,9,25,23,10,11,13,NA,NA,16,I1
ICE_114,Iceland,14,14,15,14,9,25,23,10,11,13,NA,NA,16,I1
ICE_115,Iceland,14,14,15,14,9,25,23,10,11,13,NA,NA,16,I1
ICE_116,Iceland,14,15,15,14,9,25,23,10,11,13,NA,NA,16,I1
ICE_117,Iceland,14,14,14,14,9,26,23,10,11,13,NA,NA,17,I1
ICE_118,Iceland,14,13,14,14,10,26,23,10,11,13,NA,NA,16,I1
ICE_119,Iceland,14,14,15,14,10,26,23,10,11,13,NA,NA,16,I1
ICE_120,Iceland,14,14,14,14,9,25,23,10,11,14,NA,NA,16,I1
ICE_121,Iceland,14,14,15,14,10,26,23,10,12,13,NA,NA,16,I1
ICE_122,Iceland,14,13,14,12,9,25,24,10,11,13,NA,NA,16,R1b
ICE_123,Iceland,14,13,15,15,10,26,24,10,11,13,NA,NA,16,I1
ICE_124,Iceland,15,13,14,14,9,25,22,10,11,13,NA,NA,16,I1
ICE_125,Iceland,15,14,14,13,9,27,22,10,11,14,NA,NA,18,G2a
ICE_126,Iceland,15,14,14,14,9,25,23,10,11,13,NA,NA,16,I1
ICE_127,Iceland,15,14,14,14,9,25,23,10,11,14,NA,NA,16,I1
ICE_128,Iceland,15,15,16,13,10,27,23,10,12,15,NA,NA,17,I2b1
ICE_129,Iceland,15,15,16,13,10,27,23,10,12,15,NA,NA,17,I2b1
ICE_130,Iceland,15,15,16,13,10,27,23,10,12,15,NA,NA,17,I2b1
ICE_131,Iceland,15,14,15,14,9,25,23,11,11,13,NA,NA,16,I1
ICE_132,Iceland,16,13,14,14,9,25,22,10,11,13,NA,NA,16,I1
ICE_133,Iceland,16,12,12,13,11,27,23,10,11,13,NA,NA,16,I2a1
ICE_134,Iceland,16,12,12,13,11,27,23,10,11,13,NA,NA,16,I2a1
ICE_135,Iceland,16,12,12,13,11,27,23,10,11,13,NA,NA,16,I2a1
ICE_136,Iceland,16,14,15,13,11,29,23,10,11,14,NA,NA,18,G2a
ICE_137,Iceland,16,15,15,13,11,27,26,11,12,14,NA,NA,16,I2b1
ICE_138,Iceland,17,13,14,14,9,25,22,10,11,13,NA,NA,16,I1
ICE_139,Iceland,14,11,13,12,10,27,24,11,11,13,NA,NA,17,R1b
ICE_140,Iceland,15,11,14,12,10,28,22,11,11,13,NA,NA,18,R1a
ICE_141,Iceland,15,11,14,12,10,27,24,11,11,13,NA,NA,17,R1a
ICE_142,Iceland,15,11,14,12,10,27,24,11,11,13,NA,NA,17,R1a
ICE_143,Iceland,15,11,14,12,9,25,25,10,11,13,NA,NA,16,R1b
ICE_144,Iceland,15,11,14,12,9,25,25,10,11,13,NA,NA,16,R1b
ICE_145,Iceland,15,11,14,12,10,26,25,10,11,13,NA,NA,16,R1a
ICE_146,Iceland,15,11,14,12,10,26,25,10,11,13,NA,NA,16,R1a
ICE_147,Iceland,15,11,14,12,11,28,25,10,11,13,NA,NA,17,R1a
ICE_148,Iceland,15,11,14,12,11,29,25,10,11,13,NA,NA,18,R1a
ICE_149,Iceland,15,11,14,12,9,25,25,11,11,13,NA,NA,16,R1b
ICE_150,Iceland,15,11,14,12,9,25,25,11,11,13,NA,NA,16,R1b
ICE_151,Iceland,15,11,14,12,9,25,25,11,11,13,NA,NA,16,R1b
ICE_152,Iceland,15,11,14,12,9,25,25,11,11,13,NA,NA,16,R1b
ICE_153,Iceland,15,11,14,12,10,27,25,11,11,13,NA,NA,17,R1a
ICE_154,Iceland,15,11,14,12,10,27,25,11,11,13,NA,NA,17,R1a
ICE_155,Iceland,15,11,14,12,10,27,25,11,11,13,NA,NA,17,R1a
ICE_156,Iceland,15,11,14,12,10,27,25,11,11,13,NA,NA,17,R1a
ICE_157,Iceland,15,11,15,12,10,27,25,11,11,13,NA,NA,17,R1a
ICE_158,Iceland,15,11,15,12,10,27,25,11,11,13,NA,NA,17,R1a
ICE_159,Iceland,15,11,14,12,10,28,25,11,11,13,NA,NA,18,R1a
ICE_160,Iceland,15,11,14,12,11,28,25,11,11,13,NA,NA,17,R1a
ICE_161,Iceland,15,11,14,12,11,28,25,11,11,13,NA,NA,17,R1a
ICE_162,Iceland,15,11,14,12,11,28,25,11,11,13,NA,NA,17,R1a
ICE_163,Iceland,15,11,14,12,11,28,25,11,11,13,NA,NA,17,R1a
ICE_164,Iceland,15,11,14,12,11,28,25,11,11,13,NA,NA,17,R1a
ICE_165,Iceland,15,11,14,12,11,28,25,11,11,13,NA,NA,17,R1a
ICE_166,Iceland,15,11,14,12,11,29,25,11,11,13,NA,NA,18,R1a
ICE_167,Iceland,15,11,14,12,11,29,25,11,11,13,NA,NA,18,R1a
ICE_168,Iceland,15,11,13,12,11,29,25,11,11,13,NA,NA,18,R1a
ICE_169,Iceland,15,11,14,12,12,29,25,11,11,13,NA,NA,17,R1a
ICE_170,Iceland,15,11,14,12,10,27,27,10,11,13,NA,NA,17,R1a
ICE_171,Iceland,16,11,14,12,10,27,24,11,11,13,NA,NA,17,R1a
ICE_172,Iceland,16,11,14,12,10,27,25,10,11,13,NA,NA,17,R1a
ICE_173,Iceland,16,11,14,12,11,29,25,10,11,13,NA,NA,18,R1a
ICE_174,Iceland,16,11,14,12,10,26,25,11,9,13,NA,NA,16,R1b
ICE_175,Iceland,16,11,14,12,10,26,25,11,11,13,NA,NA,16,R1a
ICE_176,Iceland,16,11,14,12,10,26,25,11,11,13,NA,NA,16,R1a
ICE_177,Iceland,16,11,14,12,10,26,25,11,11,13,NA,NA,16,R1a
ICE_178,Iceland,16,11,14,12,10,26,25,11,11,13,NA,NA,16,R1a
ICE_179,Iceland,16,11,14,12,11,28,25,11,11,13,NA,NA,17,R1a
ICE_180,Iceland,16,11,14,12,11,28,25,11,11,13,NA,NA,17,R1a
ICE_181,Iceland,16,11,14,12,10,26,25,12,11,13,NA,NA,16,R1a
NOR_1,Norway,14,12,13,12,14,30,24,11,14,13,11,NA,16,N
NOR_2,Norway,14,12,13,12,14,30,24,10,14,13,11,NA,16,N
NOR_3,Norway,15,15,15,13,14,32,23,10,12,14,11,NA,18,I2b1
NOR_4,Norway,14,12,14,12,13,29,24,11,13,13,12,NA,16,R1b
NOR_5,Norway,16,14,14,14,12,28,22,10,11,13,11,NA,16,I1
NOR_6,Norway,15,11,14,12,14,31,26,11,11,13,12,NA,17,R1a
NOR_7,Norway,14,14,14,14,12,28,22,10,11,13,11,NA,16,I1
NOR_8,Norway,15,14,15,14,12,28,23,10,11,13,11,NA,16,I1
NOR_9,Norway,15,13,14,14,12,28,22,10,11,13,11,NA,16,I1
NOR_10,Norway,14,12,13,12,13,29,23,11,14,14,11,NA,16,N
NOR_11,Norway,15,11,14,12,14,31,25,12,11,13,12,NA,17,R1a
NOR_12,Norway,14,11,14,12,13,29,24,11,13,13,12,NA,16,R1b
NOR_13,Norway,14,12,14,12,13,29,24,10,13,13,12,NA,16,R1b
NOR_14,Norway,14,11,14,12,13,29,25,11,13,13,12,NA,16,R1b
NOR_15,Norway,14,11,14,12,13,30,24,11,13,13,12,NA,17,R1b
NOR_16,Norway,14,12,14,12,13,29,24,11,13,13,12,NA,16,R1b
NOR_17,Norway,14,12,14,12,13,29,23,11,13,12,12,NA,16,R1b
NOR_18,Norway,16,11,14,12,14,32,25,10,11,13,12,NA,18,R1a
NOR_19,Norway,15,11,14,12,13,30,25,11,11,15,12,NA,17,R1a
NOR_20,Norway,15,11,13,12,13,29,24,11,13,13,12,NA,16,R1b
NOR_21,Norway,16,12,13,12,13,31,25,10,11,13,12,NA,18,R1a
NOR_22,Norway,14,12,13,12,13,30,24,11,13,13,12,NA,17,R1b
NOR_23,Norway,14,14,15,14,12,28,23,10,11,13,11,NA,16,I1
NOR_24,Norway,16,14,15,13,12,28,23,10,11,15,11,NA,16,I2b1
NOR_25,Norway,15,13,14,14,12,28,22,10,11,13,11,NA,16,I1
NOR_26,Norway,14,11,13,12,13,29,24,11,13,13,12,NA,16,R1b
NOR_27,Norway,15,13,16,18,13,29,23,9,11,12,11,NA,16,J2a1h
NOR_28,Norway,15,11,14,12,14,31,25,11,11,13,12,NA,17,R1a
NOR_29,Norway,15,14,15,14,12,29,23,10,11,13,11,NA,17,I1
NOR_30,Norway,15,13,14,14,12,28,22,10,11,13,11,NA,16,I1
NOR_31,Norway,14,12,14,12,13,29,23,10,13,13,12,NA,16,R1b
NOR_32,Norway,14,14,15,14,12,28,23,10,11,13,11,NA,16,I1
NOR_33,Norway,16,12,14,12,13,30,25,11,11,14,12,NA,17,R1a
NOR_34,Norway,16,11,14,12,13,31,25,10,11,14,12,NA,18,R1a
NOR_35,Norway,15,12,13,12,13,30,25,11,11,13,12,NA,17,R1a
NOR_36,Norway,14,12,13,12,13,29,24,10,13,13,12,NA,16,R1b
NOR_37,Norway,14,11,14,12,13,29,24,11,13,13,12,NA,16,R1b
NOR_38,Norway,15,11,14,12,14,31,25,11,11,13,12,NA,17,R1a
NOR_39,Norway,14,14,15,14,12,28,22,10,11,13,11,NA,16,I1
NOR_40,Norway,16,13,14,14,12,28,22,10,11,13,11,NA,16,I1
NOR_41,Norway,14,14,15,14,12,28,23,10,11,13,11,NA,16,I1
NOR_42,Norway,13,13,17,12,12,29,23,10,12,13,12,NA,17,Q
NOR_43,Norway,15,13,13,14,12,28,23,10,11,12,11,NA,16,I1
NOR_44,Norway,14,12,14,12,13,28,23,10,13,13,12,NA,15,R1b
NOR_45,Norway,15,12,14,12,13,29,25,11,11,13,12,NA,16,R1a
NOR_46,Norway,15,15,15,13,13,30,23,10,12,15,11,NA,17,I2b1
NOR_47,Norway,15,14,14,12,13,29,24,10,13,13,12,NA,16,R1b
SWE_1,Sweden,16,12,14,12,13,30,25,11,11,14,12,NA,17,R1a
SWE_2,Sweden,15,13,14,14,13,29,22,10,11,13,11,NA,16,I1
SWE_3,Sweden,14,14,14,14,12,28,23,10,11,13,11,NA,16,I1
SWE_4,Sweden,14,11,14,12,14,30,24,11,13,13,12,NA,16,R1b
SWE_5,Sweden,14,13,14,15,12,28,24,10,11,13,11,NA,16,I1
SWE_6,Sweden,16,11,15,12,13,30,25,10,11,13,12,NA,17,R1a
SWE_7,Sweden,15,11,14,12,13,29,25,10,11,13,12,NA,16,R1a
SWE_8,Sweden,15,13,14,14,13,29,22,10,11,13,11,NA,16,I1
SWE_9,Sweden,14,12,15,12,14,30,24,10,14,13,12,NA,16,R1b
SWE_10,Sweden,15,13,14,14,12,28,22,10,11,13,11,NA,16,I1
SWE_11,Sweden,14,13,16,14,12,29,24,10,11,13,11,NA,17,I1
SWE_12,Sweden,14,13,14,14,12,28,22,10,11,13,11,NA,16,I1
SWE_13,Sweden,14,13,14,14,12,28,22,10,11,13,11,NA,16,I1
SWE_14,Sweden,14,14,15,14,12,28,23,10,11,13,11,NA,16,I1
SWE_15,Sweden,15,11,14,12,12,30,25,10,11,13,12,NA,18,R1a
SWE_16,Sweden,16,11,14,12,14,31,25,10,11,13,12,NA,17,R1a
SWE_17,Sweden,15,14,14,14,12,27,23,10,11,13,11,NA,15,I1
SWE_18,Sweden,16,13,14,14,12,28,22,10,11,13,10,NA,16,I1
SWE_19,Sweden,14,11,14,12,13,29,23,11,13,13,12,NA,16,R1b
SWE_20,Sweden,14,14,16,14,12,28,22,10,12,14,11,NA,16,I1
SWE_21,Sweden,14,14,14,14,12,28,23,10,11,13,11,NA,16,I1
SWE_22,Sweden,14,13,14,14,12,28,22,10,11,13,11,NA,16,I1
SWE_23,Sweden,15,13,14,14,12,28,22,10,11,13,11,NA,16,I1
SWE_24,Sweden,15,11,14,12,13,30,26,11,12,13,12,NA,17,R1a
SWE_25,Sweden,15,15,16,13,13,28,24,10,12,15,11,NA,15,I2b1
SWE_26,Sweden,14,13,14,14,13,30,22,10,11,13,11,NA,17,I1
SWE_27,Sweden,14,11,13,12,14,30,24,11,14,14,11,NA,16,N
SWE_28,Sweden,13,13,20,12,13,29,23,10,14,13,12,NA,16,Q
SWE_29,Sweden,14,14,15,14,12,28,24,10,11,13,11,NA,16,I1
SWE_30,Sweden,16,11,14,12,13,29,24,11,13,13,12,NA,16,R1b
SWE_31,Sweden,14,11,15,12,13,30,24,10,13,13,12,NA,17,R1b
SWE_32,Sweden,14,13,14,14,12,28,23,10,11,13,11,NA,16,I1
SWE_33,Sweden,14,13,14,14,12,29,23,10,11,13,11,NA,17,I1
SWE_34,Sweden,15,14,14,14,12,28,23,10,11,13,11,NA,16,I1
SWE_35,Sweden,14,13,14,14,12,28,22,10,11,13,11,NA,16,I1
SWE_36,Sweden,15,13,14,14,12,29,22,10,11,13,11,NA,17,I1